"state","driver_race","pre_legalization","quarter","search_rate"
"AZ","white",TRUE,2011-02-15,0.0475992517148202
"AZ","white",TRUE,2011-05-15,0.0403374355962519
"AZ","white",TRUE,2011-08-15,0.0348467766731577
"AZ","white",TRUE,2011-11-15,0.0353420237150101
"AZ","white",TRUE,2012-02-15,0.0331977461023472
"AZ","white",TRUE,2012-05-15,0.0315107489938156
"AZ","white",TRUE,2012-08-15,0.0315923018543061
"AZ","white",FALSE,2013-02-15,0.032434914119045
"AZ","white",FALSE,2013-05-15,0.0335031404671626
"AZ","white",FALSE,2013-08-15,0.0331415618140342
"AZ","white",FALSE,2013-11-15,0.0319664344521849
"AZ","white",FALSE,2014-02-15,0.0306540906294853
"AZ","white",FALSE,2014-05-15,0.0341486186360357
"AZ","white",FALSE,2014-08-15,0.0314608307778088
"AZ","white",FALSE,2014-11-15,0.0336293066780094
"AZ","white",FALSE,2015-02-15,0.0353107542388306
"AZ","white",FALSE,2015-05-15,0.0324558947073649
"AZ","white",FALSE,2015-08-15,0.0308203403079242
"AZ","white",FALSE,2015-11-15,0.0347177479308123
"AZ","black",TRUE,2011-02-15,0.101593625498008
"AZ","black",TRUE,2011-05-15,0.0875394321766561
"AZ","black",TRUE,2011-08-15,0.0695876288659794
"AZ","black",TRUE,2011-11-15,0.0766876107620428
"AZ","black",TRUE,2012-02-15,0.0822935651198654
"AZ","black",TRUE,2012-05-15,0.0696382796923953
"AZ","black",TRUE,2012-08-15,0.0642066420664207
"AZ","black",FALSE,2013-02-15,0.0834344660194175
"AZ","black",FALSE,2013-05-15,0.0769230769230769
"AZ","black",FALSE,2013-08-15,0.0678619054674767
"AZ","black",FALSE,2013-11-15,0.0729415784079262
"AZ","black",FALSE,2014-02-15,0.0778409090909091
"AZ","black",FALSE,2014-05-15,0.0725725003606983
"AZ","black",FALSE,2014-08-15,0.0758044971051569
"AZ","black",FALSE,2014-11-15,0.077634011090573
"AZ","black",FALSE,2015-02-15,0.0777283433656111
"AZ","black",FALSE,2015-05-15,0.0769791160757649
"AZ","black",FALSE,2015-08-15,0.068349233184398
"AZ","black",FALSE,2015-11-15,0.0873052245646196
"AZ","hispanic",TRUE,2011-02-15,0.131220051603391
"AZ","hispanic",TRUE,2011-05-15,0.105106516290727
"AZ","hispanic",TRUE,2011-08-15,0.0808725823121217
"AZ","hispanic",TRUE,2011-11-15,0.080821869858938
"AZ","hispanic",TRUE,2012-02-15,0.0817345187958197
"AZ","hispanic",TRUE,2012-05-15,0.0763720871004712
"AZ","hispanic",TRUE,2012-08-15,0.0727171646977067
"AZ","hispanic",FALSE,2013-02-15,0.0753009052024271
"AZ","hispanic",FALSE,2013-05-15,0.0782298589722808
"AZ","hispanic",FALSE,2013-08-15,0.0706420619185603
"AZ","hispanic",FALSE,2013-11-15,0.0671392077141726
"AZ","hispanic",FALSE,2014-02-15,0.0673213818752361
"AZ","hispanic",FALSE,2014-05-15,0.0690558109795086
"AZ","hispanic",FALSE,2014-08-15,0.0717112646937208
"AZ","hispanic",FALSE,2014-11-15,0.0741140440425842
"AZ","hispanic",FALSE,2015-02-15,0.073944740550144
"AZ","hispanic",FALSE,2015-05-15,0.0687687425393775
"AZ","hispanic",FALSE,2015-08-15,0.0638196981953084
"AZ","hispanic",FALSE,2015-11-15,0.0774911587268567
"CA","white",TRUE,2011-02-15,0.00124078043190894
"CA","white",TRUE,2011-05-15,0.00109990151651037
"CA","white",TRUE,2011-08-15,0.00104321043872795
"CA","white",TRUE,2011-11-15,0.0013042066799541
"CA","white",TRUE,2012-02-15,0.00113215466521358
"CA","white",TRUE,2012-05-15,0.0011882972950601
"CA","white",TRUE,2012-08-15,0.00110672898831279
"CA","white",FALSE,2013-02-15,0.00144943418307532
"CA","white",FALSE,2013-05-15,0.00116000666301405
"CA","white",FALSE,2013-08-15,0.00130277999327726
"CA","white",FALSE,2013-11-15,0.00136562629320672
"CA","white",FALSE,2014-02-15,0.001456257738374
"CA","white",FALSE,2014-05-15,0.00127915593351918
"CA","white",FALSE,2014-08-15,0.00115354759251148
"CA","white",FALSE,2014-11-15,0.00143880510661622
"CA","white",FALSE,2015-02-15,0.00152389196597844
"CA","white",FALSE,2015-05-15,0.00130556616991466
"CA","white",FALSE,2015-08-15,0.00132260040004005
"CA","white",FALSE,2015-11-15,0.00139377126575378
"CA","black",TRUE,2011-02-15,0.00241859025211385
"CA","black",TRUE,2011-05-15,0.00203022351611729
"CA","black",TRUE,2011-08-15,0.00184397031021541
"CA","black",TRUE,2011-11-15,0.00223105923668853
"CA","black",TRUE,2012-02-15,0.00220055013753438
"CA","black",TRUE,2012-05-15,0.00241777998202164
"CA","black",TRUE,2012-08-15,0.00233090171364441
"CA","black",FALSE,2013-02-15,0.00297436012121077
"CA","black",FALSE,2013-05-15,0.00215475236589644
"CA","black",FALSE,2013-08-15,0.00181288510709645
"CA","black",FALSE,2013-11-15,0.00216373802826525
"CA","black",FALSE,2014-02-15,0.00225400279807244
"CA","black",FALSE,2014-05-15,0.00233092242827272
"CA","black",FALSE,2014-08-15,0.00194466051783531
"CA","black",FALSE,2014-11-15,0.00243536665085815
"CA","black",FALSE,2015-02-15,0.00271368905367074
"CA","black",FALSE,2015-05-15,0.0018415384100269
"CA","black",FALSE,2015-08-15,0.00178092356869684
"CA","black",FALSE,2015-11-15,0.00216312837584032
"CA","hispanic",TRUE,2011-02-15,0.00170027020375899
"CA","hispanic",TRUE,2011-05-15,0.00153870050189789
"CA","hispanic",TRUE,2011-08-15,0.00137292824667634
"CA","hispanic",TRUE,2011-11-15,0.00148146198984291
"CA","hispanic",TRUE,2012-02-15,0.00163100442262955
"CA","hispanic",TRUE,2012-05-15,0.00158995837153721
"CA","hispanic",TRUE,2012-08-15,0.00169111675387826
"CA","hispanic",FALSE,2013-02-15,0.00190972765746715
"CA","hispanic",FALSE,2013-05-15,0.00176221835974429
"CA","hispanic",FALSE,2013-08-15,0.00179721547302248
"CA","hispanic",FALSE,2013-11-15,0.00196286532689696
"CA","hispanic",FALSE,2014-02-15,0.00196714235913213
"CA","hispanic",FALSE,2014-05-15,0.00164940328754785
"CA","hispanic",FALSE,2014-08-15,0.00188149547847213
"CA","hispanic",FALSE,2014-11-15,0.00193497490433832
"CA","hispanic",FALSE,2015-02-15,0.0020244111891656
"CA","hispanic",FALSE,2015-05-15,0.00165097546289745
"CA","hispanic",FALSE,2015-08-15,0.00182029938115354
"CA","hispanic",FALSE,2015-11-15,0.00179036204057529
"CO","white",TRUE,2011-02-15,0.00453984364284735
"CO","white",TRUE,2011-05-15,0.00401535697932443
"CO","white",TRUE,2011-08-15,0.00356210909994615
"CO","white",TRUE,2011-11-15,0.00372644884331028
"CO","white",TRUE,2012-02-15,0.00449309823055307
"CO","white",TRUE,2012-05-15,0.00449710515686011
"CO","white",TRUE,2012-08-15,0.00331607423352144
"CO","white",FALSE,2013-02-15,0.0023409763886951
"CO","white",FALSE,2013-05-15,0.00193277433043175
"CO","white",FALSE,2013-08-15,0.00160556976413754
"CO","white",FALSE,2013-11-15,0.00136819031085872
"CO","white",FALSE,2014-02-15,0.00135260922683111
"CO","white",FALSE,2014-05-15,0.00102526354530876
"CO","white",FALSE,2014-08-15,0.00122660367072506
"CO","white",FALSE,2014-11-15,0.00139061817829019
"CO","white",FALSE,2015-02-15,0.00166595989580178
"CO","white",FALSE,2015-05-15,0.00129556054586284
"CO","white",FALSE,2015-08-15,0.0013772307513881
"CO","white",FALSE,2015-11-15,0.00154099993773738
"CO","black",TRUE,2011-02-15,0.0118237190970978
"CO","black",TRUE,2011-05-15,0.0105644431029279
"CO","black",TRUE,2011-08-15,0.00780189959294437
"CO","black",TRUE,2011-11-15,0.013172751223184
"CO","black",TRUE,2012-02-15,0.0109973454683352
"CO","black",TRUE,2012-05-15,0.0120361083249749
"CO","black",TRUE,2012-08-15,0.0107488355428162
"CO","black",FALSE,2013-02-15,0.00740740740740741
"CO","black",FALSE,2013-05-15,0.00616570327552987
"CO","black",FALSE,2013-08-15,0.00455341506129597
"CO","black",FALSE,2013-11-15,0.00481927710843374
"CO","black",FALSE,2014-02-15,0.00363240101707228
"CO","black",FALSE,2014-05-15,0.00351437699680511
"CO","black",FALSE,2014-08-15,0.00353731871241599
"CO","black",FALSE,2014-11-15,0.00184842883548983
"CO","black",FALSE,2015-02-15,0.00626843657817109
"CO","black",FALSE,2015-05-15,0.00503693754197448
"CO","black",FALSE,2015-08-15,0.0038822387576836
"CO","black",FALSE,2015-11-15,0.00514327700220426
"CO","hispanic",TRUE,2011-02-15,0.0119212868457581
"CO","hispanic",TRUE,2011-05-15,0.00824700109051254
"CO","hispanic",TRUE,2011-08-15,0.00649710799461215
"CO","hispanic",TRUE,2011-11-15,0.00765396938412246
"CO","hispanic",TRUE,2012-02-15,0.00934490321350243
"CO","hispanic",TRUE,2012-05-15,0.00739807964741067
"CO","hispanic",TRUE,2012-08-15,0.00936846507737348
"CO","hispanic",FALSE,2013-02-15,0.00630232339384818
"CO","hispanic",FALSE,2013-05-15,0.00423657007286901
"CO","hispanic",FALSE,2013-08-15,0.00482151920148875
"CO","hispanic",FALSE,2013-11-15,0.00402792696025779
"CO","hispanic",FALSE,2014-02-15,0.00318773154131128
"CO","hispanic",FALSE,2014-05-15,0.00250718973527026
"CO","hispanic",FALSE,2014-08-15,0.00309442167767835
"CO","hispanic",FALSE,2014-11-15,0.00269307618799409
"CO","hispanic",FALSE,2015-02-15,0.00529100529100529
"CO","hispanic",FALSE,2015-05-15,0.00354938271604938
"CO","hispanic",FALSE,2015-08-15,0.00412226802520028
"CO","hispanic",FALSE,2015-11-15,0.00543893940681567
"FL","white",TRUE,2011-02-15,0.00347287153046777
"FL","white",TRUE,2011-05-15,0.00355523953426362
"FL","white",TRUE,2011-08-15,0.00312526005307394
"FL","white",TRUE,2011-11-15,0.00333229304044055
"FL","white",TRUE,2012-02-15,0.00355519862101387
"FL","white",TRUE,2012-05-15,0.00305958811613774
"FL","white",TRUE,2012-08-15,0.0025391587563479
"FL","white",FALSE,2013-02-15,0.00290801934802206
"FL","white",FALSE,2013-05-15,0.00283860871780408
"FL","white",FALSE,2013-08-15,0.0031103450268183
"FL","white",FALSE,2013-11-15,0.00258189163080706
"FL","white",FALSE,2014-02-15,0.00256259631020186
"FL","white",FALSE,2014-05-15,0.00227080527453253
"FL","white",FALSE,2014-08-15,0.00225178795134869
"FL","white",FALSE,2014-11-15,0.00256814228601091
"FL","white",FALSE,2015-02-15,0.00265746867008255
"FL","white",FALSE,2015-05-15,0.00226252501397177
"FL","white",FALSE,2015-08-15,0.00265765435844852
"FL","white",FALSE,2015-11-15,0.0028367715149012
"FL","black",TRUE,2011-02-15,0.00718703470392853
"FL","black",TRUE,2011-05-15,0.00894298187590951
"FL","black",TRUE,2011-08-15,0.0087884162320989
"FL","black",TRUE,2011-11-15,0.00967307456838496
"FL","black",TRUE,2012-02-15,0.008535396792581
"FL","black",TRUE,2012-05-15,0.00759101471727343
"FL","black",TRUE,2012-08-15,0.00629152890572337
"FL","black",FALSE,2013-02-15,0.00747756729810568
"FL","black",FALSE,2013-05-15,0.00775943079608001
"FL","black",FALSE,2013-08-15,0.00634596861011955
"FL","black",FALSE,2013-11-15,0.00733776656730108
"FL","black",FALSE,2014-02-15,0.00788418588380916
"FL","black",FALSE,2014-05-15,0.00616988712454563
"FL","black",FALSE,2014-08-15,0.00682570165899257
"FL","black",FALSE,2014-11-15,0.00762990924423741
"FL","black",FALSE,2015-02-15,0.009619384359401
"FL","black",FALSE,2015-05-15,0.0066146251307118
"FL","black",FALSE,2015-08-15,0.0068911679991386
"FL","black",FALSE,2015-11-15,0.00919206579583938
"FL","hispanic",TRUE,2011-02-15,0.00334124008467876
"FL","hispanic",TRUE,2011-05-15,0.00472909715053892
"FL","hispanic",TRUE,2011-08-15,0.00400627488837939
"FL","hispanic",TRUE,2011-11-15,0.00410210926023449
"FL","hispanic",TRUE,2012-02-15,0.00490331111233541
"FL","hispanic",TRUE,2012-05-15,0.0041158269601261
"FL","hispanic",TRUE,2012-08-15,0.00301339285714286
"FL","hispanic",FALSE,2013-02-15,0.00381251999573424
"FL","hispanic",FALSE,2013-05-15,0.00374816150306021
"FL","hispanic",FALSE,2013-08-15,0.00337280060380207
"FL","hispanic",FALSE,2013-11-15,0.00287827022979361
"FL","hispanic",FALSE,2014-02-15,0.00368536480589658
"FL","hispanic",FALSE,2014-05-15,0.00439016602809706
"FL","hispanic",FALSE,2014-08-15,0.00256081946222791
"FL","hispanic",FALSE,2014-11-15,0.00395719422164543
"FL","hispanic",FALSE,2015-02-15,0.00377985099084533
"FL","hispanic",FALSE,2015-05-15,0.00332720246336977
"FL","hispanic",FALSE,2015-08-15,0.00392061848857955
"FL","hispanic",FALSE,2015-11-15,0.00421910583722881
"MA","white",TRUE,2011-02-15,0.00917324470294973
"MA","white",TRUE,2011-05-15,0.00634354098557332
"MA","white",TRUE,2011-08-15,0.00634607931791758
"MA","white",TRUE,2011-11-15,0.00675077467906153
"MA","white",TRUE,2012-02-15,0.00738517046495567
"MA","white",TRUE,2012-05-15,0.00695460293060273
"MA","white",TRUE,2012-08-15,0.00728248371023381
"MA","white",FALSE,2013-02-15,0.00868194620294049
"MA","white",FALSE,2013-05-15,0.0064093614752954
"MA","white",FALSE,2013-08-15,0.00571373894500868
"MA","white",FALSE,2013-11-15,0.00658031336346648
"MA","white",FALSE,2014-02-15,0.00652517224025129
"MA","white",FALSE,2014-05-15,0.00565992799002508
"MA","white",FALSE,2014-08-15,0.00378869015743815
"MA","white",FALSE,2014-11-15,0.00387213929019681
"MA","white",FALSE,2015-02-15,0.00417815072942085
"MA","white",FALSE,2015-05-15,0.00343158700645302
"MA","white",FALSE,2015-08-15,0.00405411927476311
"MA","white",FALSE,2015-11-15,0.00297979972973909
"MA","black",TRUE,2011-02-15,0.0196522153406384
"MA","black",TRUE,2011-05-15,0.0147042060868574
"MA","black",TRUE,2011-08-15,0.0146938775510204
"MA","black",TRUE,2011-11-15,0.0131293664177307
"MA","black",TRUE,2012-02-15,0.0155566358774915
"MA","black",TRUE,2012-05-15,0.0153586497890295
"MA","black",TRUE,2012-08-15,0.0133666156695386
"MA","black",FALSE,2013-02-15,0.0153410647429459
"MA","black",FALSE,2013-05-15,0.0107238605898123
"MA","black",FALSE,2013-08-15,0.0115844203229043
"MA","black",FALSE,2013-11-15,0.00969425801640567
"MA","black",FALSE,2014-02-15,0.0123002643982067
"MA","black",FALSE,2014-05-15,0.0114071829605205
"MA","black",FALSE,2014-08-15,0.0057516339869281
"MA","black",FALSE,2014-11-15,0.0083054892601432
"MA","black",FALSE,2015-02-15,0.00765516429160287
"MA","black",FALSE,2015-05-15,0.00667531985907658
"MA","black",FALSE,2015-08-15,0.00580046403712297
"MA","black",FALSE,2015-11-15,0.00622909216749337
"MA","hispanic",TRUE,2011-02-15,0.0220472440944882
"MA","hispanic",TRUE,2011-05-15,0.0176506390748631
"MA","hispanic",TRUE,2011-08-15,0.0156913183279743
"MA","hispanic",TRUE,2011-11-15,0.0131040131040131
"MA","hispanic",TRUE,2012-02-15,0.0240333262123478
"MA","hispanic",TRUE,2012-05-15,0.0167145938173976
"MA","hispanic",TRUE,2012-08-15,0.015248317573899
"MA","hispanic",FALSE,2013-02-15,0.0203380638163247
"MA","hispanic",FALSE,2013-05-15,0.0143485915492958
"MA","hispanic",FALSE,2013-08-15,0.0124685958872243
"MA","hispanic",FALSE,2013-11-15,0.0128760128760129
"MA","hispanic",FALSE,2014-02-15,0.0155655482531996
"MA","hispanic",FALSE,2014-05-15,0.0150251946862116
"MA","hispanic",FALSE,2014-08-15,0.0116414435389988
"MA","hispanic",FALSE,2014-11-15,0.0130839309943788
"MA","hispanic",FALSE,2015-02-15,0.0145263671875
"MA","hispanic",FALSE,2015-05-15,0.00996644957568581
"MA","hispanic",FALSE,2015-08-15,0.0105170902716915
"MA","hispanic",FALSE,2015-11-15,0.0118633912522469
"MT","white",TRUE,2011-02-15,0.00121111195216108
"MT","white",TRUE,2011-05-15,0.00158760398806122
"MT","white",TRUE,2011-08-15,0.00150332650972364
"MT","white",TRUE,2011-11-15,0.00171701892808961
"MT","white",TRUE,2012-02-15,0.00181754901581654
"MT","white",TRUE,2012-05-15,0.00150772710139465
"MT","white",TRUE,2012-08-15,0.00138592750533049
"MT","white",FALSE,2013-02-15,0.00127637509473096
"MT","white",FALSE,2013-05-15,0.00233295665803959
"MT","white",FALSE,2013-08-15,0.00176972356917849
"MT","white",FALSE,2013-11-15,0.00211495396864892
"MT","white",FALSE,2014-02-15,0.00342356324462501
"MT","white",FALSE,2014-05-15,0.00234309623430962
"MT","white",FALSE,2014-08-15,0.00338868180277872
"MT","white",FALSE,2014-11-15,0.00310314482886388
"MT","white",FALSE,2015-02-15,0.00282153773806725
"MT","white",FALSE,2015-05-15,0.00361592438779894
"MT","white",FALSE,2015-08-15,0.00322556997287589
"MT","white",FALSE,2015-11-15,0.00376680828697823
"MT","black",TRUE,2011-02-15,0.010752688172043
"MT","black",TRUE,2011-05-15,0.0072992700729927
"MT","black",TRUE,2011-08-15,0.00687285223367698
"MT","black",TRUE,2011-11-15,0.0178571428571429
"MT","black",TRUE,2012-02-15,0.00490196078431373
"MT","black",TRUE,2012-05-15,0.00319488817891374
"MT","black",TRUE,2012-08-15,0
"MT","black",FALSE,2013-02-15,0.0158102766798419
"MT","black",FALSE,2013-05-15,0
"MT","black",FALSE,2013-08-15,0.00964630225080386
"MT","black",FALSE,2013-11-15,0.0254237288135593
"MT","black",FALSE,2014-02-15,0.0172413793103448
"MT","black",FALSE,2014-05-15,0.00564971751412429
"MT","black",FALSE,2014-08-15,0.0197183098591549
"MT","black",FALSE,2014-11-15,0.00643086816720257
"MT","black",FALSE,2015-02-15,0.00826446280991736
"MT","black",FALSE,2015-05-15,0.019438444924406
"MT","black",FALSE,2015-08-15,0.01440329218107
"MT","black",FALSE,2015-11-15,0.0186666666666667
"MT","hispanic",TRUE,2011-02-15,0.0158371040723982
"MT","hispanic",TRUE,2011-05-15,0.0201680672268908
"MT","hispanic",TRUE,2011-08-15,0.00537634408602151
"MT","hispanic",TRUE,2011-11-15,0.00873362445414847
"MT","hispanic",TRUE,2012-02-15,0.0126582278481013
"MT","hispanic",TRUE,2012-05-15,0.00503355704697987
"MT","hispanic",TRUE,2012-08-15,0.00325732899022801
"MT","hispanic",FALSE,2013-02-15,0.010507880910683
"MT","hispanic",FALSE,2013-05-15,0.00981996726677578
"MT","hispanic",FALSE,2013-08-15,0.00637958532695375
"MT","hispanic",FALSE,2013-11-15,0.013986013986014
"MT","hispanic",FALSE,2014-02-15,0.00519480519480519
"MT","hispanic",FALSE,2014-05-15,0.010016694490818
"MT","hispanic",FALSE,2014-08-15,0.0135363790186125
"MT","hispanic",FALSE,2014-11-15,0.0172839506172839
"MT","hispanic",FALSE,2015-02-15,0.00759013282732448
"MT","hispanic",FALSE,2015-05-15,0.00426136363636364
"MT","hispanic",FALSE,2015-08-15,0.00823045267489712
"MT","hispanic",FALSE,2015-11-15,0.0142095914742451
"NC","white",TRUE,2011-02-15,0.000940123111359821
"NC","white",TRUE,2011-05-15,0.000766849781099244
"NC","white",TRUE,2011-08-15,0.000784219524946659
"NC","white",TRUE,2011-11-15,0.000930003338473523
"NC","white",TRUE,2012-02-15,0.000642731889981067
"NC","white",TRUE,2012-05-15,0.0010003022496006
"NC","white",TRUE,2012-08-15,0.00106522130755916
"NC","white",FALSE,2013-02-15,0.000970173387397696
"NC","white",FALSE,2013-05-15,0.00123772223744817
"NC","white",FALSE,2013-08-15,0.00221581203467947
"NC","white",FALSE,2013-11-15,0.00199839067653483
"NC","white",FALSE,2014-02-15,0.00158321978928784
"NC","white",FALSE,2014-05-15,0.00171887449530443
"NC","white",FALSE,2014-08-15,0.0015772088363373
"NC","white",FALSE,2014-11-15,0.00162045372704357
"NC","white",FALSE,2015-02-15,0.00169912296766579
"NC","white",FALSE,2015-05-15,0.00175620810121802
"NC","white",FALSE,2015-08-15,0.00158963438409166
"NC","white",FALSE,2015-11-15,0.00166183397705523
"NC","black",TRUE,2011-02-15,0.00140875383983251
"NC","black",TRUE,2011-05-15,0.0010315659170621
"NC","black",TRUE,2011-08-15,0.0012711705985718
"NC","black",TRUE,2011-11-15,0.00158273980590612
"NC","black",TRUE,2012-02-15,0.00105502208393684
"NC","black",TRUE,2012-05-15,0.00149608715666718
"NC","black",TRUE,2012-08-15,0.00139552585951706
"NC","black",FALSE,2013-02-15,0.00157252751923159
"NC","black",FALSE,2013-05-15,0.00182897915866959
"NC","black",FALSE,2013-08-15,0.00385271268868818
"NC","black",FALSE,2013-11-15,0.00361345316408783
"NC","black",FALSE,2014-02-15,0.00331551860649248
"NC","black",FALSE,2014-05-15,0.00298865722219607
"NC","black",FALSE,2014-08-15,0.00228674203494347
"NC","black",FALSE,2014-11-15,0.00253026799074956
"NC","black",FALSE,2015-02-15,0.00291992477481936
"NC","black",FALSE,2015-05-15,0.0020067042163592
"NC","black",FALSE,2015-08-15,0.00268228982847462
"NC","black",FALSE,2015-11-15,0.00321280766717491
"NC","hispanic",TRUE,2011-02-15,0.00340715502555366
"NC","hispanic",TRUE,2011-05-15,0.00234145036125234
"NC","hispanic",TRUE,2011-08-15,0.00276456217050276
"NC","hispanic",TRUE,2011-11-15,0.00155394405801391
"NC","hispanic",TRUE,2012-02-15,0.00203565913238804
"NC","hispanic",TRUE,2012-05-15,0.00243766541301017
"NC","hispanic",TRUE,2012-08-15,0.00307384922769538
"NC","hispanic",FALSE,2013-02-15,0.00204972818821852
"NC","hispanic",FALSE,2013-05-15,0.00313267293201253
"NC","hispanic",FALSE,2013-08-15,0.00326821119907038
"NC","hispanic",FALSE,2013-11-15,0.00376947562405763
"NC","hispanic",FALSE,2014-02-15,0.00349419208612711
"NC","hispanic",FALSE,2014-05-15,0.00450106157112527
"NC","hispanic",FALSE,2014-08-15,0.00314748201438849
"NC","hispanic",FALSE,2014-11-15,0.00410382681850826
"NC","hispanic",FALSE,2015-02-15,0.00356359649122807
"NC","hispanic",FALSE,2015-05-15,0.00341622308731231
"NC","hispanic",FALSE,2015-08-15,0.00316661253653784
"NC","hispanic",FALSE,2015-11-15,0.00281888653981677
"OH","white",TRUE,2011-02-15,0.0265288456642395
"OH","white",TRUE,2011-05-15,0.023875764544436
"OH","white",TRUE,2011-08-15,0.0218912062082603
"OH","white",TRUE,2011-11-15,0.0262891217629176
"OH","white",TRUE,2012-02-15,0.0274945237555707
"OH","white",TRUE,2012-05-15,0.0243555572299086
"OH","white",TRUE,2012-08-15,0.0227968460111317
"OH","white",FALSE,2013-02-15,0.029564415055169
"OH","white",FALSE,2013-05-15,0.024561387321637
"OH","white",FALSE,2013-08-15,0.0247091531047624
"OH","white",FALSE,2013-11-15,0.0299478505990134
"OH","white",FALSE,2014-02-15,0.0319812932817699
"OH","white",FALSE,2014-05-15,0.0265569854667937
"OH","white",FALSE,2014-08-15,0.0251337433962894
"OH","white",FALSE,2014-11-15,0.0289527938719752
"OH","white",FALSE,2015-02-15,0.0350099607464077
"OH","white",FALSE,2015-05-15,0.0285352618512595
"OH","white",FALSE,2015-08-15,0.0240417668406952
"OH","white",FALSE,2015-11-15,0.0311646810622983
"OH","black",TRUE,2011-02-15,0.0605982597950883
"OH","black",TRUE,2011-05-15,0.0519056261343013
"OH","black",TRUE,2011-08-15,0.049825643776824
"OH","black",TRUE,2011-11-15,0.0586561610855767
"OH","black",TRUE,2012-02-15,0.0620077559668972
"OH","black",TRUE,2012-05-15,0.0571665011585568
"OH","black",TRUE,2012-08-15,0.0534564609481693
"OH","black",FALSE,2013-02-15,0.072338167668907
"OH","black",FALSE,2013-05-15,0.0621489450887243
"OH","black",FALSE,2013-08-15,0.062357908411822
"OH","black",FALSE,2013-11-15,0.0794050014371946
"OH","black",FALSE,2014-02-15,0.0869910482240832
"OH","black",FALSE,2014-05-15,0.0752387543252595
"OH","black",FALSE,2014-08-15,0.0683974293583597
"OH","black",FALSE,2014-11-15,0.0798085445842936
"OH","black",FALSE,2015-02-15,0.0915764935110121
"OH","black",FALSE,2015-05-15,0.0734519104084321
"OH","black",FALSE,2015-08-15,0.0612628381682926
"OH","black",FALSE,2015-11-15,0.0861430102587659
"OH","hispanic",TRUE,2011-02-15,0.0744741330301308
"OH","hispanic",TRUE,2011-05-15,0.0670840787119857
"OH","hispanic",TRUE,2011-08-15,0.0591651542649728
"OH","hispanic",TRUE,2011-11-15,0.0655180781363747
"OH","hispanic",TRUE,2012-02-15,0.0718699931334401
"OH","hispanic",TRUE,2012-05-15,0.0552518547442405
"OH","hispanic",TRUE,2012-08-15,0.0561695959412937
"OH","hispanic",FALSE,2013-02-15,0.0676866017617061
"OH","hispanic",FALSE,2013-05-15,0.0589630633683497
"OH","hispanic",FALSE,2013-08-15,0.0629236663719422
"OH","hispanic",FALSE,2013-11-15,0.0768742058449809
"OH","hispanic",FALSE,2014-02-15,0.0779775280898876
"OH","hispanic",FALSE,2014-05-15,0.0737541528239203
"OH","hispanic",FALSE,2014-08-15,0.0545920675614538
"OH","hispanic",FALSE,2014-11-15,0.066793893129771
"OH","hispanic",FALSE,2015-02-15,0.0713339222614841
"OH","hispanic",FALSE,2015-05-15,0.0596403774256721
"OH","hispanic",FALSE,2015-08-15,0.0574423480083857
"OH","hispanic",FALSE,2015-11-15,0.0817533484084189
"RI","white",TRUE,2011-02-15,0.0106382978723404
"RI","white",TRUE,2011-05-15,0.0115363735070575
"RI","white",TRUE,2011-08-15,0.00799141221374046
"RI","white",TRUE,2011-11-15,0.00984922178988327
"RI","white",TRUE,2012-02-15,0.0106407949299742
"RI","white",TRUE,2012-05-15,0.00857089621762623
"RI","white",TRUE,2012-08-15,0.00689874761197198
"RI","white",FALSE,2013-02-15,0.0124013528748591
"RI","white",FALSE,2013-05-15,0.0101082004555809
"RI","white",FALSE,2013-08-15,0.00770582668649453
"RI","white",FALSE,2013-11-15,0.00880728466935364
"RI","white",FALSE,2014-02-15,0.00958097656700912
"RI","white",FALSE,2014-05-15,0.00959013586025802
"RI","white",FALSE,2014-08-15,0.00923986694591598
"RI","white",FALSE,2014-11-15,0.00959885386819484
"RI","white",FALSE,2015-02-15,0.00902969084787267
"RI","white",FALSE,2015-05-15,0.007340571952898
"RI","white",FALSE,2015-08-15,0.00731282646546721
"RI","white",FALSE,2015-11-15,0.00471967963386728
"RI","black",TRUE,2011-02-15,0.0217391304347826
"RI","black",TRUE,2011-05-15,0.0225314777998675
"RI","black",TRUE,2011-08-15,0.0175029171528588
"RI","black",TRUE,2011-11-15,0.0154946364719905
"RI","black",TRUE,2012-02-15,0.0264026402640264
"RI","black",TRUE,2012-05-15,0.0187473370259906
"RI","black",TRUE,2012-08-15,0.0126767430521697
"RI","black",FALSE,2013-02-15,0.0286806883365201
"RI","black",FALSE,2013-05-15,0.02371072910492
"RI","black",FALSE,2013-08-15,0.0177619893428064
"RI","black",FALSE,2013-11-15,0.0255376344086022
"RI","black",FALSE,2014-02-15,0.0315904139433551
"RI","black",FALSE,2014-05-15,0.0311244979919679
"RI","black",FALSE,2014-08-15,0.0247933884297521
"RI","black",FALSE,2014-11-15,0.0154577883472057
"RI","black",FALSE,2015-02-15,0.024746192893401
"RI","black",FALSE,2015-05-15,0.0202133632790567
"RI","black",FALSE,2015-08-15,0.0106053910737958
"RI","black",FALSE,2015-11-15,0.00892359174567764
"RI","hispanic",TRUE,2011-02-15,0.019211324570273
"RI","hispanic",TRUE,2011-05-15,0.0162671232876712
"RI","hispanic",TRUE,2011-08-15,0.0133729569093611
"RI","hispanic",TRUE,2011-11-15,0.00856031128404669
"RI","hispanic",TRUE,2012-02-15,0.0204174228675136
"RI","hispanic",TRUE,2012-05-15,0.0223123732251521
"RI","hispanic",TRUE,2012-08-15,0.0102880658436214
"RI","hispanic",FALSE,2013-02-15,0.0145833333333333
"RI","hispanic",FALSE,2013-05-15,0.0184331797235023
"RI","hispanic",FALSE,2013-08-15,0.0153301886792453
"RI","hispanic",FALSE,2013-11-15,0.0144927536231884
"RI","hispanic",FALSE,2014-02-15,0.019730010384216
"RI","hispanic",FALSE,2014-05-15,0.0244155844155844
"RI","hispanic",FALSE,2014-08-15,0.0266666666666667
"RI","hispanic",FALSE,2014-11-15,0.015748031496063
"RI","hispanic",FALSE,2015-02-15,0.0155875299760192
"RI","hispanic",FALSE,2015-05-15,0.0153592978606692
"RI","hispanic",FALSE,2015-08-15,0.00967351874244256
"RI","hispanic",FALSE,2015-11-15,0.0112531969309463
"SC","white",TRUE,2011-02-15,0.0210659898477157
"SC","white",TRUE,2011-05-15,0.0212778971351678
"SC","white",TRUE,2011-08-15,0.0195268253414167
"SC","white",TRUE,2011-11-15,0.0202619364471421
"SC","white",TRUE,2012-02-15,0.0194500636847232
"SC","white",TRUE,2012-05-15,0.0192579239897852
"SC","white",TRUE,2012-08-15,0.0198875080191565
"SC","white",FALSE,2013-02-15,0.0195254962474574
"SC","white",FALSE,2013-05-15,0.0198618747030476
"SC","white",FALSE,2013-08-15,0.0180199396438672
"SC","white",FALSE,2013-11-15,0.0192811132926871
"SC","white",FALSE,2014-02-15,0.0232116501033159
"SC","white",FALSE,2014-05-15,0.0199005441921561
"SC","white",FALSE,2014-08-15,0.0185047643201333
"SC","white",FALSE,2014-11-15,0.0194508805600581
"SC","white",FALSE,2015-02-15,0.0197920581235125
"SC","white",FALSE,2015-05-15,0.019831812789367
"SC","white",FALSE,2015-08-15,0.0199471124024681
"SC","white",FALSE,2015-11-15,0.0197491749174918
"SC","black",TRUE,2011-02-15,0.0297029702970297
"SC","black",TRUE,2011-05-15,0.0260505598452681
"SC","black",TRUE,2011-08-15,0.0297908948368924
"SC","black",TRUE,2011-11-15,0.0311082701731957
"SC","black",TRUE,2012-02-15,0.0321330332583146
"SC","black",TRUE,2012-05-15,0.0264205267169108
"SC","black",TRUE,2012-08-15,0.0267145534934966
"SC","black",FALSE,2013-02-15,0.02904304873855
"SC","black",FALSE,2013-05-15,0.030384573985515
"SC","black",FALSE,2013-08-15,0.0259194298282246
"SC","black",FALSE,2013-11-15,0.0292670409949888
"SC","black",FALSE,2014-02-15,0.0339768206788476
"SC","black",FALSE,2014-05-15,0.028521574638792
"SC","black",FALSE,2014-08-15,0.030375308017944
"SC","black",FALSE,2014-11-15,0.0279740820734341
"SC","black",FALSE,2015-02-15,0.0305962760691131
"SC","black",FALSE,2015-05-15,0.0275560589703202
"SC","black",FALSE,2015-08-15,0.0295040116703136
"SC","black",FALSE,2015-11-15,0.0334216113287662
"SC","hispanic",TRUE,2011-02-15,0.0909372100216517
"SC","hispanic",TRUE,2011-05-15,0.0786958965711074
"SC","hispanic",TRUE,2011-08-15,0.0778588807785888
"SC","hispanic",TRUE,2011-11-15,0.0729741829577675
"SC","hispanic",TRUE,2012-02-15,0.0619055295824601
"SC","hispanic",TRUE,2012-05-15,0.0593702316548759
"SC","hispanic",TRUE,2012-08-15,0.0608660130718954
"SC","hispanic",FALSE,2013-02-15,0.0624468266122171
"SC","hispanic",FALSE,2013-05-15,0.0587636363636364
"SC","hispanic",FALSE,2013-08-15,0.0568632309217047
"SC","hispanic",FALSE,2013-11-15,0.0538160469667319
"SC","hispanic",FALSE,2014-02-15,0.0631029574569034
"SC","hispanic",FALSE,2014-05-15,0.0551349807170404
"SC","hispanic",FALSE,2014-08-15,0.0547089682737947
"SC","hispanic",FALSE,2014-11-15,0.0503172495204368
"SC","hispanic",FALSE,2015-02-15,0.05213133640553
"SC","hispanic",FALSE,2015-05-15,0.0567796610169492
"SC","hispanic",FALSE,2015-08-15,0.0572146246162434
"SC","hispanic",FALSE,2015-11-15,0.0566130620282245
"TX","white",TRUE,2011-02-15,0.0124524617872911
"TX","white",TRUE,2011-05-15,0.013357954460842
"TX","white",TRUE,2011-08-15,0.0108324337711352
"TX","white",TRUE,2011-11-15,0.0101068106121511
"TX","white",TRUE,2012-02-15,0.0119165158674046
"TX","white",TRUE,2012-05-15,0.0120753378801821
"TX","white",TRUE,2012-08-15,0.0106276260955798
"TX","white",FALSE,2013-02-15,0.0102471006081844
"TX","white",FALSE,2013-05-15,0.0105915973793842
"TX","white",FALSE,2013-08-15,0.00924604760002283
"TX","white",FALSE,2013-11-15,0.00877111779680629
"TX","white",FALSE,2014-02-15,0.0105483844764296
"TX","white",FALSE,2014-05-15,0.0100248044266361
"TX","white",FALSE,2014-08-15,0.00847765584051918
"TX","white",FALSE,2014-11-15,0.0074756597321918
"TX","white",FALSE,2015-02-15,0.00856386646655579
"TX","white",FALSE,2015-05-15,0.00916332878336951
"TX","white",FALSE,2015-08-15,0.00830750210133552
"TX","white",FALSE,2015-11-15,0.00903896051954025
"TX","black",TRUE,2011-02-15,0.0343595509078868
"TX","black",TRUE,2011-05-15,0.0342375763196538
"TX","black",TRUE,2011-08-15,0.0260677445734043
"TX","black",TRUE,2011-11-15,0.0291113381001021
"TX","black",TRUE,2012-02-15,0.0329552122041854
"TX","black",TRUE,2012-05-15,0.0301941049604601
"TX","black",TRUE,2012-08-15,0.0268730743217855
"TX","black",FALSE,2013-02-15,0.0279079139589945
"TX","black",FALSE,2013-05-15,0.0233583076245042
"TX","black",FALSE,2013-08-15,0.0194223644930403
"TX","black",FALSE,2013-11-15,0.0207621493394851
"TX","black",FALSE,2014-02-15,0.026408343328793
"TX","black",FALSE,2014-05-15,0.022825550399842
"TX","black",FALSE,2014-08-15,0.0206100577081616
"TX","black",FALSE,2014-11-15,0.017035490605428
"TX","black",FALSE,2015-02-15,0.0202131915194014
"TX","black",FALSE,2015-05-15,0.0221514186011227
"TX","black",FALSE,2015-08-15,0.018655605190385
"TX","black",FALSE,2015-11-15,0.0217577942944048
"TX","hispanic",TRUE,2011-02-15,0.0221941657252974
"TX","hispanic",TRUE,2011-05-15,0.0232810770458465
"TX","hispanic",TRUE,2011-08-15,0.0196901679911283
"TX","hispanic",TRUE,2011-11-15,0.0169056750030598
"TX","hispanic",TRUE,2012-02-15,0.0193886848404933
"TX","hispanic",TRUE,2012-05-15,0.0183696771593606
"TX","hispanic",TRUE,2012-08-15,0.0162897550734041
"TX","hispanic",FALSE,2013-02-15,0.0160968385809027
"TX","hispanic",FALSE,2013-05-15,0.0157946311147786
"TX","hispanic",FALSE,2013-08-15,0.0150156529516995
"TX","hispanic",FALSE,2013-11-15,0.0141868671270773
"TX","hispanic",FALSE,2014-02-15,0.0148022906301824
"TX","hispanic",FALSE,2014-05-15,0.0142084621244075
"TX","hispanic",FALSE,2014-08-15,0.014708366711898
"TX","hispanic",FALSE,2014-11-15,0.0131076504711257
"TX","hispanic",FALSE,2015-02-15,0.0123985439809634
"TX","hispanic",FALSE,2015-05-15,0.0144187426205003
"TX","hispanic",FALSE,2015-08-15,0.0125392380479212
"TX","hispanic",FALSE,2015-11-15,0.0138376324140561
"VT","white",TRUE,2011-02-15,0.00685895181146676
"VT","white",TRUE,2011-05-15,0.00408387654127071
"VT","white",TRUE,2011-08-15,0.00366886171213547
"VT","white",TRUE,2011-11-15,0.00717258478703622
"VT","white",TRUE,2012-02-15,0.00723613074939699
"VT","white",TRUE,2012-05-15,0.00695182792181238
"VT","white",TRUE,2012-08-15,0.00682463001303581
"VT","white",FALSE,2013-02-15,0.0103707143409953
"VT","white",FALSE,2013-05-15,0.00765598168288495
"VT","white",FALSE,2013-08-15,0.00656518288723757
"VT","white",FALSE,2013-11-15,0.0110296895066858
"VT","white",FALSE,2014-02-15,0.0110192837465565
"VT","white",FALSE,2014-05-15,0.00999854035907167
"VT","white",FALSE,2014-08-15,0.00809716599190283
"VT","white",FALSE,2014-11-15,0.00910125142207053
"VT","white",FALSE,2015-02-15,0.00868766184946955
"VT","white",FALSE,2015-05-15,0.00823414315995435
"VT","white",FALSE,2015-08-15,0.00798881565807869
"VT","white",FALSE,2015-11-15,0.00853866796779702
"VT","black",TRUE,2011-02-15,0.0217391304347826
"VT","black",TRUE,2011-05-15,0.00819672131147541
"VT","black",TRUE,2011-08-15,0.0196850393700787
"VT","black",TRUE,2011-11-15,0.0145631067961165
"VT","black",TRUE,2012-02-15,0.00909090909090909
"VT","black",TRUE,2012-05-15,0.0194552529182879
"VT","black",TRUE,2012-08-15,0.0423076923076923
"VT","black",FALSE,2013-02-15,0.0412844036697248
"VT","black",FALSE,2013-05-15,0.0280701754385965
"VT","black",FALSE,2013-08-15,0.0248447204968944
"VT","black",FALSE,2013-11-15,0.0330882352941176
"VT","black",FALSE,2014-02-15,0.0658914728682171
"VT","black",FALSE,2014-05-15,0.0687830687830688
"VT","black",FALSE,2014-08-15,0.029673590504451
"VT","black",FALSE,2014-11-15,0.0310344827586207
"VT","black",FALSE,2015-02-15,0.0267857142857143
"VT","black",FALSE,2015-05-15,0.03601108033241
"VT","black",FALSE,2015-08-15,0.0380228136882129
"VT","black",FALSE,2015-11-15,0.0600858369098712
"VT","hispanic",TRUE,2011-02-15,0.0123456790123457
"VT","hispanic",TRUE,2011-05-15,0
"VT","hispanic",TRUE,2011-08-15,0.0123456790123457
"VT","hispanic",TRUE,2011-11-15,0.0459770114942529
"VT","hispanic",TRUE,2012-02-15,0.018348623853211
"VT","hispanic",TRUE,2012-05-15,0.00862068965517241
"VT","hispanic",TRUE,2012-08-15,0.0158730158730159
"VT","hispanic",FALSE,2013-02-15,0.0446428571428571
"VT","hispanic",FALSE,2013-05-15,0.0140845070422535
"VT","hispanic",FALSE,2013-08-15,0.0422535211267606
"VT","hispanic",FALSE,2013-11-15,0.0235294117647059
"VT","hispanic",FALSE,2014-02-15,0.0420168067226891
"VT","hispanic",FALSE,2014-05-15,0.0132450331125828
"VT","hispanic",FALSE,2014-08-15,0.028169014084507
"VT","hispanic",FALSE,2014-11-15,0.016260162601626
"VT","hispanic",FALSE,2015-02-15,0.0273972602739726
"VT","hispanic",FALSE,2015-05-15,0.0141843971631206
"VT","hispanic",FALSE,2015-08-15,0.0437956204379562
"VT","hispanic",FALSE,2015-11-15,0.00952380952380952
"WA","white",TRUE,2011-02-15,0.00205363113943978
"WA","white",TRUE,2011-05-15,0.00228282073631345
"WA","white",TRUE,2011-08-15,0.00197987311310435
"WA","white",TRUE,2011-11-15,0.00269519327451109
"WA","white",TRUE,2012-02-15,0.00278943501488114
"WA","white",TRUE,2012-05-15,0.00263360982638683
"WA","white",TRUE,2012-08-15,0.00240478321263664
"WA","white",FALSE,2013-02-15,0.000951043630525144
"WA","white",FALSE,2013-05-15,0.000872730750608222
"WA","white",FALSE,2013-08-15,0.000986871089963873
"WA","white",FALSE,2013-11-15,0.000811415951339446
"WA","white",FALSE,2014-02-15,0.00109572850556175
"WA","white",FALSE,2014-05-15,0.000807668095922464
"WA","white",FALSE,2014-08-15,0.000598028435287536
"WA","white",FALSE,2014-11-15,0.000587072055370164
"WA","white",FALSE,2015-02-15,0.000722173742966329
"WA","white",FALSE,2015-05-15,0.000751212801390196
"WA","white",FALSE,2015-08-15,0.000451774688831999
"WA","white",FALSE,2015-11-15,0.000737289135307302
"WA","black",TRUE,2011-02-15,0.00459837589276979
"WA","black",TRUE,2011-05-15,0.00413507925568573
"WA","black",TRUE,2011-08-15,0.00351837372947615
"WA","black",TRUE,2011-11-15,0.00554219387221583
"WA","black",TRUE,2012-02-15,0.00471253534401508
"WA","black",TRUE,2012-05-15,0.00514486867045762
"WA","black",TRUE,2012-08-15,0.00391097867585436
"WA","black",FALSE,2013-02-15,0.00145878920495988
"WA","black",FALSE,2013-05-15,0.00169236555095901
"WA","black",FALSE,2013-08-15,0.00106951871657754
"WA","black",FALSE,2013-11-15,0.00194462450226873
"WA","black",FALSE,2014-02-15,0.000848896434634975
"WA","black",FALSE,2014-05-15,0.00157640949554896
"WA","black",FALSE,2014-08-15,0.000520508015823444
"WA","black",FALSE,2014-11-15,0.00143184421534937
"WA","black",FALSE,2015-02-15,0.00161174785100287
"WA","black",FALSE,2015-05-15,0.00140002545500827
"WA","black",FALSE,2015-08-15,0.000964692263168049
"WA","black",FALSE,2015-11-15,0.000716552359504555
"WA","hispanic",TRUE,2011-02-15,0.00310350178451353
"WA","hispanic",TRUE,2011-05-15,0.00378442458508116
"WA","hispanic",TRUE,2011-08-15,0.0036142286475176
"WA","hispanic",TRUE,2011-11-15,0.00485411825458301
"WA","hispanic",TRUE,2012-02-15,0.00439640012413365
"WA","hispanic",TRUE,2012-05-15,0.00372421695951108
"WA","hispanic",TRUE,2012-08-15,0.00438100621820237
"WA","hispanic",FALSE,2013-02-15,0.00266948957518295
"WA","hispanic",FALSE,2013-05-15,0.00154023873700424
"WA","hispanic",FALSE,2013-08-15,0.00236735830664253
"WA","hispanic",FALSE,2013-11-15,0.00154120310167124
"WA","hispanic",FALSE,2014-02-15,0.00156870434825237
"WA","hispanic",FALSE,2014-05-15,0.00174504452100765
"WA","hispanic",FALSE,2014-08-15,0.000966837474620516
"WA","hispanic",FALSE,2014-11-15,0.0015165958921917
"WA","hispanic",FALSE,2015-02-15,0.00119622524478313
"WA","hispanic",FALSE,2015-05-15,0.000986067816018831
"WA","hispanic",FALSE,2015-08-15,0.000889638057779651
"WA","hispanic",FALSE,2015-11-15,0.00141102691403188
"WI","white",TRUE,2011-02-15,0.00328589909443726
"WI","white",TRUE,2011-05-15,0.00362015521415481
"WI","white",TRUE,2011-08-15,0.00445707788516202
"WI","white",TRUE,2011-11-15,0.00425372785490581
"WI","white",TRUE,2012-02-15,0.00408509498403911
"WI","white",TRUE,2012-05-15,0.0048856874412778
"WI","white",TRUE,2012-08-15,0.00490339044841414
"WI","white",FALSE,2013-02-15,0.0049917943107221
"WI","white",FALSE,2013-05-15,0.00448059118321583
"WI","white",FALSE,2013-08-15,0.00353842214307331
"WI","white",FALSE,2013-11-15,0.00429463453225214
"WI","white",FALSE,2014-02-15,0.00374202069117323
"WI","white",FALSE,2014-05-15,0.00322241521162812
"WI","white",FALSE,2014-08-15,0.0045045045045045
"WI","white",FALSE,2014-11-15,0.00436545057686311
"WI","white",FALSE,2015-02-15,0.00526426616129712
"WI","white",FALSE,2015-05-15,0.00408517591788796
"WI","white",FALSE,2015-08-15,0.00500619322873658
"WI","white",FALSE,2015-11-15,0.00310504423223387
"WI","black",TRUE,2011-02-15,0.00989707046714173
"WI","black",TRUE,2011-05-15,0.00905736330090574
"WI","black",TRUE,2011-08-15,0.0124119423012412
"WI","black",TRUE,2011-11-15,0.0113246396705559
"WI","black",TRUE,2012-02-15,0.0176991150442478
"WI","black",TRUE,2012-05-15,0.00918836140888208
"WI","black",TRUE,2012-08-15,0.015041782729805
"WI","black",FALSE,2013-02-15,0.0154103852596315
"WI","black",FALSE,2013-05-15,0.0120147874306839
"WI","black",FALSE,2013-08-15,0.0140252454417952
"WI","black",FALSE,2013-11-15,0.0133578995854445
"WI","black",FALSE,2014-02-15,0.0172043010752688
"WI","black",FALSE,2014-05-15,0.00843513670738802
"WI","black",FALSE,2014-08-15,0.00907543959160522
"WI","black",FALSE,2014-11-15,0.0176437108708025
"WI","black",FALSE,2015-02-15,0.0151745068285281
"WI","black",FALSE,2015-05-15,0.0110584518167457
"WI","black",FALSE,2015-08-15,0.0107731305449937
"WI","black",FALSE,2015-11-15,0.0167480809490579
"WI","hispanic",TRUE,2011-02-15,0.014819587628866
"WI","hispanic",TRUE,2011-05-15,0.0120292887029289
"WI","hispanic",TRUE,2011-08-15,0.0102564102564103
"WI","hispanic",TRUE,2011-11-15,0.0206777713957496
"WI","hispanic",TRUE,2012-02-15,0.0103036876355748
"WI","hispanic",TRUE,2012-05-15,0.0106744298884037
"WI","hispanic",TRUE,2012-08-15,0.015546218487395
"WI","hispanic",FALSE,2013-02-15,0.014052838673412
"WI","hispanic",FALSE,2013-05-15,0.014550928248871
"WI","hispanic",FALSE,2013-08-15,0.013646288209607
"WI","hispanic",FALSE,2013-11-15,0.0133991537376587
"WI","hispanic",FALSE,2014-02-15,0.00804681784930505
"WI","hispanic",FALSE,2014-05-15,0.0051789077212806
"WI","hispanic",FALSE,2014-08-15,0.00893655049151028
"WI","hispanic",FALSE,2014-11-15,0.0116696588868941
"WI","hispanic",FALSE,2015-02-15,0.00553250345781466
"WI","hispanic",FALSE,2015-05-15,0.0239520958083832
"WI","hispanic",FALSE,2015-08-15,0.00809716599190283
"WI","hispanic",FALSE,2015-11-15,0.00955414012738853
